ts,model,question_id,run,n_steps,tool_sequence,kWh,kgCO2eq,cost,flags,final_answer
2026-06-16T13:12:47.108539+00:00,mistralai/Mistral-Small-3.2-24B-Instruct-2506,Q1,1,4,find_relevant_resources|query_resource_data|aggregate_resource_data,0.00032169743664071444,1.497879950986105e-05,0.0,,"La dépense culturelle totale des régions en 2023 est de 781 237 milliers d'euros (781 millions d'euros).

Méthode : jeu Dépenses culturelles des régions, ressource Dépenses_culturelles_des_régions_2023_total.csv, colonne depenses_culturelles_totales_k_eur, opération somme. Les autres candidats ont été écartés pour absence de la mesure ou de la période demandées."
2026-06-16T13:13:01.899246+00:00,mistralai/Mistral-Small-3.2-24B-Instruct-2506,Q1,2,4,find_relevant_resources|query_resource_data|aggregate_resource_data,0.0003240579914413468,1.5050518157663413e-05,0.0,,"La dépense culturelle totale des régions en 2023 est de 781 237 milliers d'euros (soit 781,237 milliards d'euros).

Méthode : jeu Dépenses culturelles des régions (ID 64ae255bbc600d7a3468ee64), ressource Dépenses_culturelles_des_régions_2023_total.csv (ID 4dfccc0d-962c-4800-8599-b47730823a33), colonne depenses_culturelles_totales_k_eur, opération somme. Les autres candidats ont été écartés pour absence de la mesure demandée."
2026-06-16T13:13:16.848571+00:00,mistralai/Mistral-Small-3.2-24B-Instruct-2506,Q1,3,4,find_relevant_resources|query_resource_data|aggregate_resource_data,0.0003248046374953065,1.5137499902136289e-05,0.0,,"La dépense culturelle totale des régions en 2023 est de 781 237 milliers d'euros (soit 781 millions d'euros).

Méthode : jeu ""Dépenses culturelles des régions"" (ID 64ae255bbc600d7a3468ee64), ressource ""Dépenses_culturelles_des_régions_2023_total.csv"" (ID 4dfccc0d-962c-4800-8599-b47730823a33), colonne `depenses_culturelles_totales_k_eur`, opération somme. Les autres candidats ont été écartés pour absence de la mesure ou de la période demandées."
2026-06-16T13:13:27.603851+00:00,mistralai/Ministral-3-8B-Instruct-2512,Q1,1,4,find_relevant_resources|query_resource_data|aggregate_resource_data,0.0003584355976949182,1.600852635935149e-05,0.0,,"La dépense culturelle totale des régions en 2023 est de **781 237 000 euros** (781,24 millions d'euros).

**Méthode** : Jeu *Dépenses culturelles des régions* (ressource `Dépenses_culturelles_des_régions_2023_total.csv`), colonne `depenses_culturelles_totales_k_eur`, opération **somme** avec filtre sur l'année 2023. Les valeurs sont exprimées en milliers d'euros."
2026-06-16T13:13:38.358843+00:00,mistralai/Ministral-3-8B-Instruct-2512,Q1,2,4,find_relevant_resources|query_resource_data|aggregate_resource_data,0.0003583197774338415,1.5991973498439894e-05,0.0,,"La dépense culturelle totale des régions en **2023 est de 781 237 000 euros** (781,24 millions d'euros).

**Méthode** : Jeu *Dépenses culturelles des régions* (ressource `Dépenses_culturelles_des_régions_2023_total.csv`), colonne `depenses_culturelles_totales_k_eur`, opération **somme** avec filtre sur l'année 2023. Les données couvrent les 17 régions."
2026-06-16T13:13:49.271026+00:00,mistralai/Ministral-3-8B-Instruct-2512,Q1,3,4,find_relevant_resources|query_resource_data|aggregate_resource_data,0.0003586385274338415,1.6065117342871656e-05,0.0,,"La dépense culturelle totale des régions en **2023 est de 781 237 000 euros** (781,24 millions d'euros).

**Méthode** : Jeu *Dépenses culturelles des régions* (ressource `Dépenses_culturelles_des_régions_2023_total.csv`), colonne `depenses_culturelles_totales_k_eur`, opération **somme** avec filtre sur l'année 2023. Les données couvrent les 17 régions."
